Value,Domain,Type,Available,Error
263,cable.j7ulrg5gltydb.net,generated,No,
265,cable.awupyzbkvshjd.net,generated,No,
257,cable.4a6bwmj6hiyyd.net,generated,No,
256,cable.qz2ekwmnd332c.info,generated,No,
260,cable.ahbeeuk74xtkd.com,generated,No,
262,cable.y3aqzgxp376ac.com,generated,No,
268,cable.7lsx7tanhhvhd.org,generated,No,
266,cable.wufkweyy3uaxb.com,generated,No,
258,cable.23xp62cfeb2nb.info,generated,No,
259,cable.ydiuwer4ifmdc.info,generated,No,
270,cable.wuxjat2qxbbbb.info,generated,No,
272,cable.kkac4c7d56kdb.org,generated,No,
273,cable.jnwz4h3bvoead.com,generated,No,
274,cable.rx4bzmk7wkq5b.info,generated,No,
267,cable.5ebvqo3hdgzq.org,generated,No,
269,cable.dljqskoal33ac.org,generated,No,
261,cable.pyzci7hxyjsvc.org,generated,No,
279,cable.le3ai5rq66xpd.org,generated,No,
276,cable.egqe22hiagjkb.org,generated,No,
282,cable.v33qz54ungghd.org,generated,No,
284,cable.5cxhbfnxp2o4d.net,generated,No,
278,cable.5lwroiux77thd.net,generated,No,
287,cable.p7rgljfmlno6d.net,generated,No,
271,cable.3odboymvqugnc.info,generated,No,
277,cable.onkadid3g7xtc.com,generated,No,
286,cable.y7dmo3cm56thc.org,generated,No,
283,cable.nj4afatswtqub.info,generated,No,
281,cable.j4uyhegxytvtd.com,generated,No,
289,cable.g5vr2w7oimkgb.com,generated,No,
291,cable.fz46favwccshd.net,generated,No,
280,cable.phqkd7zefax4b.info,generated,No,
294,cable.67atgdonkwon.info,generated,No,
293,cable.72jvldr5gf2tb.org,generated,No,
297,cable.ocx3ugsc7b67.com,generated,No,
275,cable.pbdctuzw6nbab.info,generated,No,
298,cable.6liwmtp5fpkoc.net,generated,No,
296,cable.zcrp3ed727fvc.info,generated,No,
300,cable.mv2gnuwgd7fwb.net,generated,No,
299,cable.tj72tileipqfc.info,generated,No,
285,cable.ktc72i4dgms5d.net,generated,No,
288,cable.drai72aavcanb.com,generated,No,
292,cable.lgrmr2wjgx4id.com,generated,No,
295,cable.m6wb62t63qlbc.info,generated,No,
290,cable.2skdh7ac4ybcd.com,generated,No,
264,cable.v6wzj6n67ynmc.net,generated,No,DNS check error: lookup cable.v6wzj6n67ynmc.net on 192.168.1.1:53: dial udp 192.168.1.1:53: i/o timeout
